Workbook

Sheet IP台账
A1: 序号 | B1: 设备名称 | C1: 品牌/型号 | D1: IP地址 | E1: 子网掩码 | F1: 网段 | G1: MAC地址 | H1: 所在交换机/链路 | I1: 位置 | J1: 负责人 | K1: 登记日期 | L1: 冲突状态 | M1: 备注
A2: =IF($D2="","",ROW()-1) | B2: Siemens 6ES7 288-1ST30-0AA0 | C2: 192.168.0.1 | D2: 255.255.255.0 | F2: =IF($D2="","",MID($D2,1,FIND("|",SUBSTITUTE($D2,".","|",3))-1)&".x") | H2: 2026-10-30 | I2: 示例行：设备 IP 不改，电脑去迁就 | L2: =IF($D2="","",TRIM(IF(COUNTIF($D$2:$D$300,$D2)>1,"重复IP ","")&IF(COUNTIF('网关清单'!$B$2:$B$60,$D2)>0,"撞网关 ","")&IF(AND(COUNTIF($D$2:$D$300,$D2)=1,COUNTIF('网关清单'!$B$2:$B$60,$D2)=0),"OK","")))
A3: =IF($D3="","",ROW()-1) | B3: 某品牌 | C3: 192.168.0.1 | D3: 255.255.255.0 | F3: =IF($D3="","",MID($D3,1,FIND("|",SUBSTITUTE($D3,".","|",3))-1)&".x") | H3: 2026-10-30 | I3: 示例行：与上行同 IP 不同链路 → 走方案三（NAT 或厂商改） | L3: =IF($D3="","",TRIM(IF(COUNTIF($D$2:$D$300,$D3)>1,"重复IP ","")&IF(COUNTIF('网关清单'!$B$2:$B$60,$D3)>0,"撞网关 ","")&IF(AND(COUNTIF($D$2:$D$300,$D3)=1,COUNTIF('网关清单'!$B$2:$B$60,$D3)=0),"OK","")))
A4: =IF($D4="","",ROW()-1) | B4: 某品牌 | C4: 192.168.31.1 | D4: 255.255.255.0 | F4: =IF($D4="","",MID($D4,1,FIND("|",SUBSTITUTE($D4,".","|",3))-1)&".x") | H4: 2026-10-30 | I4: 示例行：与网关同 IP → 必须物理隔离或改 | L4: =IF($D4="","",TRIM(IF(COUNTIF($D$2:$D$300,$D4)>1,"重复IP ","")&IF(COUNTIF('网关清单'!$B$2:$B$60,$D4)>0,"撞网关 ","")&IF(AND(COUNTIF($D$2:$D$300,$D4)=1,COUNTIF('网关清单'!$B$2:$B$60,$D4)=0),"OK","")))
A5: =IF($D5="","",ROW()-1) | F5: =IF($D5="","",MID($D5,1,FIND("|",SUBSTITUTE($D5,".","|",3))-1)&".x") | L5: =IF($D5="","",TRIM(IF(COUNTIF($D$2:$D$300,$D5)>1,"重复IP ","")&IF(COUNTIF('网关清单'!$B$2:$B$60,$D5)>0,"撞网关 ","")&IF(AND(COUNTIF($D$2:$D$300,$D5)=1,COUNTIF('网关清单'!$B$2:$B$60,$D5)=0),"OK","")))
A6: =IF($D6="","",ROW()-1) | F6: =IF($D6="","",MID($D6,1,FIND("|",SUBSTITUTE($D6,".","|",3))-1)&".x") | L6: =IF($D6="","",TRIM(IF(COUNTIF($D$2:$D$300,$D6)>1,"重复IP ","")&IF(COUNTIF('网关清单'!$B$2:$B$60,$D6)>0,"撞网关 ","")&IF(AND(COUNTIF($D$2:$D$300,$D6)=1,COUNTIF('网关清单'!$B$2:$B$60,$D6)=0),"OK","")))
A7: =IF($D7="","",ROW()-1) | F7: =IF($D7="","",MID($D7,1,FIND("|",SUBSTITUTE($D7,".","|",3))-1)&".x") | L7: =IF($D7="","",TRIM(IF(COUNTIF($D$2:$D$300,$D7)>1,"重复IP ","")&IF(COUNTIF('网关清单'!$B$2:$B$60,$D7)>0,"撞网关 ","")&IF(AND(COUNTIF($D$2:$D$300,$D7)=1,COUNTIF('网关清单'!$B$2:$B$60,$D7)=0),"OK","")))
A8: =IF($D8="","",ROW()-1) | F8: =IF($D8="","",MID($D8,1,FIND("|",SUBSTITUTE($D8,".","|",3))-1)&".x") | L8: =IF($D8="","",TRIM(IF(COUNTIF($D$2:$D$300,$D8)>1,"重复IP ","")&IF(COUNTIF('网关清单'!$B$2:$B$60,$D8)>0,"撞网关 ","")&IF(AND(COUNTIF($D$2:$D$300,$D8)=1,COUNTIF('网关清单'!$B$2:$B$60,$D8)=0),"OK","")))
A9: =IF($D9="","",ROW()-1) | F9: =IF($D9="","",MID($D9,1,FIND("|",SUBSTITUTE($D9,".","|",3))-1)&".x") | L9: =IF($D9="","",TRIM(IF(COUNTIF($D$2:$D$300,$D9)>1,"重复IP ","")&IF(COUNTIF('网关清单'!$B$2:$B$60,$D9)>0,"撞网关 ","")&IF(AND(COUNTIF($D$2:$D$300,$D9)=1,COUNTIF('网关清单'!$B$2:$B$60,$D9)=0),"OK","")))
A10: =IF($D10="","",ROW()-1) | F10: =IF($D10="","",MID($D10,1,FIND("|",SUBSTITUTE($D10,".","|",3))-1)&".x") | L10: =IF($D10="","",TRIM(IF(COUNTIF($D$2:$D$300,$D10)>1,"重复IP ","")&IF(COUNTIF('网关清单'!$B$2:$B$60,$D10)>0,"撞网关 ","")&IF(AND(COUNTIF($D$2:$D$300,$D10)=1,COUNTIF('网关清单'!$B$2:$B$60,$D10)=0),"OK","")))
A11: =IF($D11="","",ROW()-1) | F11: =IF($D11="","",MID($D11,1,FIND("|",SUBSTITUTE($D11,".","|",3))-1)&".x") | L11: =IF($D11="","",TRIM(IF(COUNTIF($D$2:$D$300,$D11)>1,"重复IP ","")&IF(COUNTIF('网关清单'!$B$2:$B$60,$D11)>0,"撞网关 ","")&IF(AND(COUNTIF($D$2:$D$300,$D11)=1,COUNTIF('网关清单'!$B$2:$B$60,$D11)=0),"OK","")))
A12: =IF($D12="","",ROW()-1) | F12: =IF($D12="","",MID($D12,1,FIND("|",SUBSTITUTE($D12,".","|",3))-1)&".x") | L12: =IF($D12="","",TRIM(IF(COUNTIF($D$2:$D$300,$D12)>1,"重复IP ","")&IF(COUNTIF('网关清单'!$B$2:$B$60,$D12)>0,"撞网关 ","")&IF(AND(COUNTIF($D$2:$D$300,$D12)=1,COUNTIF('网关清单'!$B$2:$B$60,$D12)=0),"OK","")))
A13: =IF($D13="","",ROW()-1) | F13: =IF($D13="","",MID($D13,1,FIND("|",SUBSTITUTE($D13,".","|",3))-1)&".x") | L13: =IF($D13="","",TRIM(IF(COUNTIF($D$2:$D$300,$D13)>1,"重复IP ","")&IF(COUNTIF('网关清单'!$B$2:$B$60,$D13)>0,"撞网关 ","")&IF(AND(COUNTIF($D$2:$D$300,$D13)=1,COUNTIF('网关清单'!$B$2:$B$60,$D13)=0),"OK","")))
A14: =IF($D14="","",ROW()-1) | F14: =IF($D14="","",MID($D14,1,FIND("|",SUBSTITUTE($D14,".","|",3))-1)&".x") | L14: =IF($D14="","",TRIM(IF(COUNTIF($D$2:$D$300,$D14)>1,"重复IP ","")&IF(COUNTIF('网关清单'!$B$2:$B$60,$D14)>0,"撞网关 ","")&IF(AND(COUNTIF($D$2:$D$300,$D14)=1,COUNTIF('网关清单'!$B$2:$B$60,$D14)=0),"OK","")))
A15: =IF($D15="","",ROW()-1) | F15: =IF($D15="","",MID($D15,1,FIND("|",SUBSTITUTE($D15,".","|",3))-1)&".x") | L15: =IF($D15="","",TRIM(IF(COUNTIF($D$2:$D$300,$D15)>1,"重复IP ","")&IF(COUNTIF('网关清单'!$B$2:$B$60,$D15)>0,"撞网关 ","")&IF(AND(COUNTIF($D$2:$D$300,$D15)=1,COUNTIF('网关清单'!$B$2:$B$60,$D15)=0),"OK","")))
A16: =IF($D16="","",ROW()-1) | F16: =IF($D16="","",MID($D16,1,FIND("|",SUBSTITUTE($D16,".","|",3))-1)&".x") | L16: =IF($D16="","",TRIM(IF(COUNTIF($D$2:$D$300,$D16)>1,"重复IP ","")&IF(COUNTIF('网关清单'!$B$2:$B$60,$D16)>0,"撞网关 ","")&IF(AND(COUNTIF($D$2:$D$300,$D16)=1,COUNTIF('网关清单'!$B$2:$B$60,$D16)=0),"OK","")))
... A300: =IF($D300="","",ROW()-1) | F300: =IF($D300="","",MID($D300,1,FIND("|",SUBSTITUTE($D300,".","|",3))-1)&".x") | L300: =IF($D300="","",TRIM(IF(COUNTIF($D$2:$D$300,$D300)>1,"重复IP ","")&IF(COUNTIF('网关清单'!$B$2:$B$60,$D300)>0,"撞网关 ","")&IF(AND(COUNTIF($D$2:$D$300,$D300)=1,COUNTIF('网关清单'!$B$2:$B$60,$D300)=0),"OK","")))

Sheet 网关清单
A1: 网段 | B1: 网关IP | C1: 用途/位置 | D1: 备注
A2: 192.168.31.0 | B2: 192.168.31.1 | C2: 办公/家庭路由 | D2: 示例行：按实际填写，冲突检查自动对照本表
A3: 192.168.0.0 | C3: 设备网（规划中） | D3: 设备 IP 不改时，此网段不接办公交换机

Sheet 使用说明
A1: IP 台账 · 使用说明
A3: 一、三条铁律（全厂一张网时）
A4: 1. 网关永远占 .1
A5: 2. 静态设备（PLC/仪表/变频器）只用 .2 ~ .99
A6: 3. DHCP 池从 .100 起 —— 电脑手动 IP 也从 .2~.99 拿，永不和 DHCP 打架
A8: 二、新设备上线四步
A9: 1. 用知造 SIRP「设备发现」扫描目标网段（查重 + 看谁开着 502）
A10: 2. 对照本表：IP 没被占用、也不在「网关清单」里
A11: 3. 能改默认 IP 的先改再上线；不能改的按 HANDBOOK《设备 IP 不可改时的组网规范》处理
A12: 4. 登记进本表（IP/MAC/链路/负责人）
A14: 三、「冲突状态」列的颜色含义
A15: 红色 重复IP —— 同一个 IP 在表里出现多次：同一条链路上必须处理；
... A23: · MAC 地址在设备铭牌或 SIRP「设备发现」扫描结果里
